Temp,m18.0,m26.0,m27.0,m28.0,m29.0,m31.0,m39.0,m41.0,m44.0,m45.0,m56.0,m57.0,m70.0
176.8481,7.421564475028614e-05,0.001072096887000259,0.00397185476149871,0.001352354877982876,0.0068429079406284845,0.002652790612992315,0.004319937798512578,0.0025188875957947937,0.0008456280782957902,0.00023951813104703114,3.375402498536191e-05,0.0073251832385215765,0.00010481386772152492
176.8945,7.401262525388809e-05,0.001069164128404399,0.003960989613642637,0.0013486554638336985,0.006824188926212064,0.002645533811328578,0.004308120457313484,0.0025119970905259628,0.0008433148330605933,0.0002388629208079099,3.366168966742467e-05,0.007305144943131003,0.00010452714571416443
176.8788,7.408131935072953e-05,0.0010701564626706688,0.003964665967550828,0.001349907205259172,0.006830522730658987,0.0026479892377535875,0.004312118997331273,0.002514328576144938,0.0008440975475043976,0.00023908461910002594,3.369293243664045e-05,0.007311925142217886,0.00010462416156579269
176.7941,7.44519174400597e-05,0.0010755100112281994,0.003984499545641553,0.001356660230656487,0.006864693000509662,0.002661236028721662,0.004333690738701178,0.0025269067183059327,0.0008483202171470965,0.000240280660204629,3.386148419158197e-05,0.007348503668501981,0.00010514755281629788
176.7974,7.44374785534622e-05,0.0010753014314142666,0.003983726808832811,0.0013563971257708734,0.006863361691294681,0.002660719919982639,0.004332850281245196,0.0025264166608191334,0.0008481556975506253,0.00024023406120055288,3.385491724009065e-05,0.007347078531114269,0.00010512716094939479
176.8505,7.420514374185155e-05,0.0010719451925901256,0.003971292771092351,0.0013521635289751562,0.006841939715744858,0.002652415261182114,0.004319326556726407,0.0025185311903498475,0.0008455084276801743,0.00023948424086224837,3.374924902064093e-05,0.007324146774966872,0.00010479903727286807
176.9009,7.398462256472957e-05,0.0010687596099773816,0.003959490972559033,0.0013481451998131194,0.006821606993189094,0.0026445328731680567,0.0043064904792170485,0.0025110466760061186,0.0008429957647522885,0.00023877254698182374,3.364895376150222e-05,0.007302381040318494,0.00010448759785108001
176.9665,7.369759500085656e-05,0.001064613296100477,0.003944129901452175,0.0013429149936022152,0.0067951421797038175,0.002634273257022777,0.004289783203728678,0.002501304927177774,0.0008397253145921836,0.00023784621526444575,3.351841072579788e-05,0.007274051036490452,0.00010408223225446701
176.9055,7.396449563189715e-05,0.0010684688623579662,0.003958413824280205,0.0013477784475483328,0.006819751228828858,0.002643813448865191,0.0043053189324602495,0.002510363565569989,0.0008427664344056973,0.00023870759079432509,3.363979982912057e-05,0.007300394485172028,0.00010445917282448841
176.8099,7.438278580119987e-05,0.0010745113563615037,0.003980799775466417,0.001355400516355687,0.00685831885335923,0.002658764962637885,0.004329666730275616,0.002524560382460076,0.0008475325172609718,0.00024005754982147953,3.383004242383604e-05,0.007341680283433626,0.00010504991902930855
176.8533,7.419289256534491e-05,0.0010717682157783085,0.003970637115618285,0.0013519402884661566,0.006840810120047328,0.0026519773507368933,0.004318613441309228,0.0025181153839974224,0.0008453688352952932,0.0002394447023133363,3.3743677061799955e-05,0.00732293756748642,0.00010478173508276892
176.9335,7.384198386682923e-05,0.001066699094239773,0.003951857269539464,0.0013455460424583099,0.006808455271853421,0.002639434344412932,0.004298187778288375,0.0025062055020456902,0.0008413705105568701,0.0002383122053051998,3.358408024071011e-05,0.007288302410367361,0.00010428615092349484
176.881,7.40716934263314e-05,0.0010700174094613831,0.003964150809678344,0.0013497318020021,0.006829635191182351,0.0026476451652609123,0.00431155869236063,0.002514001871153745,0.000843987867773419,0.00023905355309730917,3.3688554468979655e-05,0.007310975050626097,0.00010461056698785757
176.8105,7.438016054909139e-05,0.0010744734327589724,0.0039806592778648345,0.0013553526791037598,0.0068580767971383365,0.00265867112468534,0.004329513919829082,0.002524471281098844,0.0008475026046070695,0.0002400490772752843,3.382884843265586e-05,0.007341421167544965,0.00010504621141714454
176.8207,7.433553126324525e-05,0.0010738287315159168,0.003978270818637853,0.0013545394458209662,0.006853961841383002,0.0026570758794920183,0.004326916142237901,0.002522956557957851,0.0008469940894907115,0.00023990504398996022,3.380855058259206e-05,0.007337016197437553,0.00010498318201035408
176.7429,7.467593895332634e-05,0.0010787461586443186,0.003996488674310314,0.0013607423428210934,0.006885348464693283,0.0026692435340057797,0.004346730563472583,0.002534510034464637,0.0008508727636135186,0.00024100365081331394,3.396337143896092e-05,0.007370614891001908,0.00010546393572097129
176.7739,7.454030092771564e-05,0.0010767867725134646,0.003989229631561647,0.0013582707514714285,0.006872842226613352,0.002664395239790785,0.004338835357068019,0.00252990646413417,0.0008493272764951766,0.00024056590259321158,3.390168189464943e-05,0.007357227236753901,0.00010527237575915725
176.8874,7.404369073717303e-05,0.0010696128910343676,0.003962652168594746,0.0013492215379815235,0.006827053258159395,0.0026466442271003963,0.004309928714264202,0.0025130514566339057,0.0008436687994651159,0.0002389631792712234,3.367581856305727e-05,0.007308211147813603,0.00010457101912477334
176.8942,7.401393787994219e-05,0.0010691830902056626,0.003961059862443421,0.0013486793824596596,0.006824309954322497,0.002645580730304845,0.004308196862536743,0.0025120416412065735,0.0008433297893875428,0.00023886715708100708,3.3662286663014693e-05,0.00730527450107532,0.00010452899952024623
176.8326,7.428346376309128e-05,0.001073076580065683,0.003975484282873032,0.0013535906736577045,0.006849161059668431,0.002655214760099804,0.004323885401714848,0.00252118938096002,0.0008464008218549587,0.00023973700515708162,3.378486975751757e-05,0.007331877065645559,0.00010490964770243165
176.8189,7.434340701957091e-05,0.001073942502323513,0.003978692311442608,0.001354682957576751,0.006854688010045696,0.0026573573933496588,0.004327374573577514,0.002523223862041551,0.0008470838274524203,0.00023993046162854638,3.381213255613267e-05,0.007337793545103554,0.00010499430484684633
176.8509,7.42033935737792e-05,0.0010719199101884378,0.003971199106024629,0.0013521316374738711,0.006841778344930928,0.0026523527025470836,0.004319224683095383,0.002518471789442359,0.0008454884859109058,0.00023947859249811817,3.374845302652081e-05,0.0073239740310410955,0.00010479656553142538
176.8443,7.423227134697374e-05,0.001072337069816297,0.003972744579642086,0.00135265784724509,0.006844440963360849,0.0026533849200251146,0.004320905598007322,0.0025194519044159426,0.0008458175251038431,0.00023957179050626898,3.3761586929503254e-05,0.007326824305816477,0.00010483734926523094
176.9281,7.386561113580663e-05,0.0010670404066625676,0.0039531217479537506,0.0013459765777256716,0.006810633777841541,0.0026402788859858682,0.004299563072307237,0.0025070074142968055,0.0008416397244420012,0.00023838845822095973,3.359482616133213e-05,0.007290634453365405,0.0001043195194329722
176.9268,7.3871299182042e-05,0.0010671225744680562,0.00395342615942386,0.0013460802251048524,0.006811158232986836,0.0026404822015497252,0.004299894161608078,0.00250720046724615,0.0008417045351921262,0.00023840681540438362,3.359741314222265e-05,0.0072911958711242,0.00010432755259266128
176.8664,7.413557456097392e-05,0.0010709402171230119,0.003967569584650299,0.00135089584179904,0.006835525225890969,0.002649928555439589,0.004315277079893105,0.002516170004277128,0.0008447157423517356,0.0002392597183880672,3.371760825436509e-05,0.007317280203917099,0.00010470078555051846
176.914,7.392730456035873e-05,0.001067931611322087,0.003956423441591054,0.0013471007531460056,0.006816322099032749,0.0026424840778707572,0.004303154117800934,0.002509101296285829,0.0008423426718087325,0.0002385875630565551,3.362288495406742e-05,0.0072967236767491886,0.00010440664831882974
176.883,7.40629425859693e-05,0.001069890997452939,0.003963682484339714,0.0013495723444956677,0.006828828337112667,0.002647332372085747,0.00431104932420549,0.002513704866616291,0.000843888158927073,0.00023902531127665698,3.368457449837885e-05,0.007310111330997181,0.00010459820828064358
176.9234,7.388617561065742e-05,0.0010673374748824088,0.003954222312499524,0.0013463513028657847,0.006812529884905286,0.002641013949947501,0.004300760087471808,0.0025077053749598165,0.0008418740402309127,0.00023845482649949182,3.3604179092243936e-05,0.007292664194493342,0.00010434856239492484
176.8343,7.42760255487837e-05,0.001072969129858509,0.003975086206335208,0.001353455134777241,0.006848475233709219,0.0026549488859009215,0.004323452438782992,0.002520936927103192,0.0008463160693355671,0.000239712999609528,3.378148678250699e-05,0.007331142903961001,0.00010489914280130007
176.8869,7.404587844726359e-05,0.001069644494036479,0.003962769249929406,0.001349261402358132,0.006827254971676819,0.002646722425394189,0.004310056056302989,0.00251312570776827,0.0008436937266767027,0.00023897023972638655,3.367681355570748e-05,0.007308427077720835,0.00010457410880157687
176.8666,7.413469947693761e-05,0.001070927575922166,0.003967522752116431,0.001350879896048395,0.006835444540483991,0.002649897276122069,0.0043152261430775855,0.0025161403038233793,0.0008447057714670999,0.00023925689420600167,3.3717210257304964e-05,0.007317193831954198,0.00010469954967979691
176.8004,7.442435229291941e-05,0.001075111813401606,0.003983024320824886,0.0013561579395112316,0.006862151410190188,0.0026602507302199035,0.004332086229012506,0.0025259711540129653,0.0008480061342811103,0.0002401916984695758,3.384894728418961e-05,0.007345782951670931,0.00010510862288857431
176.889,7.40366900648834e-05,0.0010695117614276132,0.003962277508323845,0.0013490939719763787,0.006826407774903652,0.0026463939925602657,0.004309521219740093,0.0025128138530039444,0.0008435890323880396,0.00023894058581470186,3.367263458657665e-05,0.007307520172110476,0.00010456113215900222
177.0114,7.350113863473007e-05,0.0010617753465109493,0.003933615997600073,0.0013393351725828615,0.006777028305839657,0.002627251050240413,0.004278347888645937,0.0024946371753120323,0.000837486850991746,0.00023721218639081356,3.342906038581122e-05,0.0072546605308215625,0.00010380477927751696
176.8458,7.422570821670235e-05,0.0010722422608099669,0.003972393335638124,0.0013525382541152693,0.006843835822808603,0.0026531503251437474,0.004320523571890978,0.0025192291510128585,0.0008457427434690858,0.00023955060914078045,3.375860195155274e-05,0.0073261765160948095,0.00010482808023482072
176.9231,7.388748823671154e-05,0.0010673564366836723,0.003954292561300307,0.0013463752214917456,0.006812650913015719,0.0026410608689237686,0.004300836492695067,0.0025077499256404272,0.0008418889965578623,0.00023845906277258897,3.3604776087833964e-05,0.007292793752437659,0.00010435041620100664
176.9848,7.361752481154437e-05,0.00106345662622323,0.0039398447246037655,0.0013414559574183797,0.006787759464966303,0.002631411199470052,0.004285122485109206,0.002498587335660109,0.0008388129786481293,0.00023758780260548187,3.348199399480106e-05,0.007266148001885977,0.00010396915008346056
177.0193,7.34665728153003e-05,0.0010612760190776035,0.003931766112512512,0.001338705315432464,0.006773841232264453,0.0026260155171985294,0.004276335884433165,0.0024934640073891083,0.0008370930010486852,0.00023710063119923927,3.3413339501938315e-05,0.007251248838287398,0.00010375596238402249
177.032,7.341100497900151e-05,0.0010604733028239926,0.0039287922466122414,0.00133769276026663,0.006768717708922012,0.0026240292805362504,0.004273101396648057,0.0024915780285762975,0.0008364598498743945,0.0002369212956380999,3.3388066688623515e-05,0.00724576421864384,0.00010367748459321452
176.9611,7.372122226983396e-05,0.0010649546085232716,0.003945394379866462,0.0013433455288695772,0.006797320685691939,0.002635117798595713,0.004291158497747541,0.0025021068394288893,0.0008399945284773147,0.00023792246818020565,3.3529156646419906e-05,0.0072763830794884965,0.00010411560076394436
176.8494,7.420995670405076e-05,0.0010720147191947704,0.0039715503500286,0.0013522512306036948,0.006842383485483189,0.0026525872974284565,0.004319606709211736,0.0025186945428454484,0.000845563267545665,0.00023949977386360718,3.375143800447139e-05,0.00732462182076278,0.00010480583456183581
176.9185,7.390761516954425e-05,0.0010676471843030916,0.00395536970957915,0.0013467419737565375,0.006814506677375981,0.002641780293226644,0.004302008039451882,0.0025084330360765667,0.0008421183269044567,0.00023852401896008854,3.361393002021574e-05,0.007294780307584152,0.00010437884122759863
176.8734,7.410494661970692e-05,0.001070497775093463,0.003965930445965112,0.0013503377405265336,0.0068327012366471065,0.002648833779326523,0.004313494291350135,0.0025151304883960523,0.0008443667613895285,0.00023916087201578579,3.370367835726246e-05,0.00731425718521593,0.00010465753007527001
176.9646,7.370590829920045e-05,0.001064733387508497,0.003944574810523868,0.0013430664782333238,0.006795908691070007,0.00263457041053918,0.004290267103476055,0.0025015870814883512,0.000839820037996211,0.00023787304499406492,3.3522191697868586e-05,0.0072748715701379104,0.00010409397302632013
176.9394,7.381616888776143e-05,0.001066326178814869,0.003950475709790527,0.001345075642814342,0.006806075052347888,0.0026385116045462083,0.004296685142230734,0.0025053293386602155,0.0008410763694601538,0.00023822889193427722,3.357233932743794e-05,0.007285754437462098,0.00010424969273721415
176.8496,7.420908162001445e-05,0.0010720020779939245,0.0039715035174947315,0.0013522352848530498,0.006842302800076212,0.0026525560181109367,0.004319555772396217,0.0025186648423916997,0.0008455532966610294,0.00023949694968154164,3.3751040007411266e-05,0.007324535448799878,0.00010480459869111428
176.9133,7.393036735448531e-05,0.0010679758555250402,0.003956587355459567,0.001347156563273254,0.006816604497957124,0.00264259355548206,0.004303332396655223,0.0025092052478739323,0.000842377569904952,0.00023859744769378285,3.3624277943777635e-05,0.0072970259786192945,0.00010441097386635442
176.7969,7.443966626355278e-05,0.0010753330344163783,0.003983843890167472,0.0013564369901474824,0.006863563404812106,0.002660798118276432,0.0043329776232839835,0.0025264909119534986,0.0008481806247622124,0.00024024112165571608,3.385591223274087e-05,0.007347294461021503,0.00010513025062619835
176.792,7.44611058224396e-05,0.0010756427438370613,0.003984991287247098,0.0013568276610382351,0.006865540197282802,0.002661564461555575,0.0043342255752640575,0.0025272185730702487,0.0008484249114357564,0.00024031031411631278,3.386566316071267e-05,0.007349410574112313,0.00010516052945887213
176.7845,7.449392147379703e-05,0.0010761167888687195,0.0039867475072669365,0.0013574256266873476,0.006868565900044076,0.002662737435962428,0.004336135705845807,0.002528332340085684,0.0008487988196095487,0.00024041622094375688,3.388058805046545e-05,0.007352649522720701,0.00010520687461092391
176.8007,7.442303966686502e-05,0.0010750928516003381,0.003982954072024087,0.0013561340208852655,0.006862030382079728,0.0026602038112436264,0.004332009823789231,0.0025259266033323445,0.0008479911779541576,0.00024018746219647773,3.384835028859946e-05,0.007345653393726586,0.00010510676908249212
176.9141,7.392686701834065e-05,0.0010679252907216652,0.003956400025324124,0.0013470927802706843,0.006816281756329266,0.002642468438212,0.004303128649393178,0.002509086446058957,0.0008423376863664155,0.00023858615096552255,3.362268595553739e-05,0.007296680490767745,0.00010440603038346907
176.8142,7.43639714944217e-05,0.0010742395705433542,0.00397979287598838,0.001355057682716864,0.00685658411710944,0.0026580924573112916,0.004328571588742085,0.002523921822704562,0.0008473181432413318,0.0002399968299070785,3.382148548704448e-05,0.007339823286231491,0.00010502334780879897
176.7997,7.442741508704599e-05,0.001075156057604559,0.003983188234693398,0.0013562137496384802,0.006862433809114563,0.002660360207831206,0.004332264507866796,0.0025260751056010687,0.0008480410323773297,0.00024020158310680356,3.3850340273899826e-05,0.007346085253541036,0.00010511294843609899
176.7839,7.449654672590568e-05,0.001076154712471253,0.003986888004868527,0.0013574734639392777,0.006868807956264983,0.002662831273914979,0.004336288516292351,0.002528421441446921,0.0008488287322634528,0.00024042469348995262,3.38817820416457e-05,0.007352908638609379,0.00010521058222308815
176.8388,7.425633615796922e-05,0.0010726847028395135,0.0039740324743233035,0.001353096355387773,0.006846659812052452,0.0026542451012568084,0.00432230636043394,0.00252026866689393,0.0008460917244312913,0.00023964945551306142,3.377253184865531e-05,0.007329199534795965,0.00010487133571006896
176.9101,7.394436869906457e-05,0.001068178114738549,0.00395733667600137,0.0013474116952835436,0.0068178954644686094,0.0026430940245623204,0.004304147385703443,0.002509680455133855,0.0008425371040591044,0.00023864263460682597,3.363064589673886e-05,0.0072984079300255494,0.00010443074779789665
177.0272,7.343200699587039e-05,0.0010607766916442558,0.003929916227424945,0.0013380754582820642,0.006770654158689238,0.002624779984156641,0.0042743238802203844,0.0024922908394661805,0.000836699151105623,0.00023698907600766455,3.339761861806535e-05,0.007247837145753221,0.00010370714549052783
177.0201,7.346307247915534e-05,0.0010612254542742242,0.0039315787823770544,0.0013386415324298892,0.00677351849063657,0.0026258903999284594,0.004276132137171102,0.0024933452055741234,0.0008370531175101455,0.00023708933447097805,3.341174751369794e-05,0.007250903350435821,0.00010375101890113674
176.969,7.368665645040418e-05,0.0010644552810899256,0.003943544494778901,0.0013427156717191796,0.006794133612116735,0.0026338822655538295,0.0042891464935347675,0.0025009336715059653,0.000839600678534254,0.00023781091298863137,3.3513435762546993e-05,0.007272971386954332,0.00010406678387044989
177.0026,7.353964233232274e-05,0.0010623315593480942,0.003935676629090014,0.0013400367856111525,0.006780578463746213,0.0026286273402111194,0.004280589108528521,0.002495943995276808,0.0008379255699156619,0.00023733645040168117,3.344657225645446e-05,0.0072584608971887335,0.00010385915758925765
176.9059,7.396274546382467e-05,0.0010684435799562767,0.003958320159212476,0.0013477465560470454,0.006819589858014916,0.0026437508902301564,0.0043052170588292185,0.0025103041646624964,0.0008427464926364274,0.00023870194243019448,3.3639003835000386e-05,0.007300221741246241,0.00010445670108304554
176.8848,7.40550668296435e-05,0.0010697772266453408,0.003963260991534951,0.0013494288327398805,0.00682810216844996,0.0026470508582281016,0.0043105908928658685,0.0025134375625325864,0.0008437984209653626,0.00023899989363807036,3.368099252483818e-05,0.007309333983331167,0.00010458708544415114
176.8855,7.405200403551692e-05,0.0010697329824423877,0.003963097077666439,0.001349373022612632,0.0068278197695255845,0.0026469413806167992,0.004310412614011579,0.0025133336109444825,0.0008437635228691433,0.0002389900090008426,3.367959953512797e-05,0.007309031681461061,0.00010458275989662645
176.9602,7.372516014799685e-05,0.0010650114939270705,0.003945605126268842,0.0013434172847474706,0.006797683770023291,0.002635258555524536,0.00429138771341735,0.0025022404914707415,0.0008400393974581698,0.00023793517699949895,3.353094763319024e-05,0.007276771753321503,0.00010412116218219057
177.023,7.345038376063049e-05,0.0010610421568619834,0.003930899710636052,0.001338410319045566,0.006772348552235546,0.002625436849824477,0.00427539355334616,0.002492914548994822,0.000836908539682946,0.00023704838383103305,3.3405976556326875e-05,0.007249650956973912,0.00010373309877567674
176.9497,7.377110205989723e-05,0.001065675156971392,0.003948063834296615,0.0013442544366562277,0.006801919753889073,0.00263690071969413,0.004294061896231799,0.002503799765292351,0.000840562868901479,0.00023808344655792065,3.355184247884412e-05,0.0072813062813732446,0.00010418604539506304
176.8147,7.436178378433114e-05,0.0010742079675412426,0.003979675794653721,0.0013550178183402554,0.006856382403592016,0.0026580142590174995,0.004328444246703298,0.002523847571570198,0.0008472932160297449,0.00023998976945191535,3.3820490494394265e-05,0.00733960735632426,0.00010502025813199543
176.8542,7.418895468718201e-05,0.0010717113303745094,0.003970426369215904,0.0013518685325882632,0.006840447035715975,0.002651836593808071,0.004318384225639418,0.0025179817319555702,0.0008453239663144381,0.00023943199349404302,3.374188607502962e-05,0.0073225488936534125,0.0001047761736645227
176.9009,7.398462256472957e-05,0.0010687596099773816,0.003959490972559033,0.0013481451998131194,0.006821606993189094,0.0026445328731680567,0.0043064904792170485,0.0025110466760061186,0.0008429957647522885,0.00023877254698182374,3.364895376150222e-05,0.007302381040318494,0.00010448759785108001
176.9337,7.384110878279321e-05,0.0010666864530389313,0.003951810437005611,0.00134553009670767,0.006808374586446469,0.002639403065095422,0.0042981368414728716,0.002506175801591951,0.0008413605396722377,0.0002383093811231352,3.358368224365012e-05,0.007288216038404487,0.0001042849150527737
176.8691,7.412376092648524e-05,0.0010707695609116147,0.003966937345443157,0.0013506805741653593,0.0068344359728969096,0.002649506284653121,0.004314589432883675,0.002515769048151571,0.0008445811354091702,0.00023922159193018729,3.371223529405408e-05,0.007316114182418078,0.00010468410129577979
176.9353,7.383410811050344e-05,0.0010665853234321748,0.003951435776734702,0.0013454025307025226,0.006807729103190713,0.0026391528305552865,0.004297729346948754,0.002505938197961985,0.0008412807725951599,0.00023828678766661318,3.3580498267169434e-05,0.007287525062701345,0.0001042750280870024
176.9734,7.366740460160778e-05,0.0010641771746713522,0.003942514179033926,0.0013423648652050328,0.00679235853316345,0.0026331941205684738,0.004288025883593472,0.002500280261523575,0.0008393813190722952,0.00023774878098319733,3.3504679827225347e-05,0.0072710712037707395,0.00010403959471457945
176.9555,7.37457246228475e-05,0.0010653085621469098,0.003946705690814608,0.001343792009887581,0.006799579877087023,0.002635993619486164,0.004292584728581913,0.0025029384521337477,0.0008402737132470797,0.0002380015452780306,3.3540300564101976e-05,0.007278801494449426,0.00010415020514414302
176.8202,7.433771897333566e-05,0.0010738603345180262,0.003978387899972504,0.0013545793101975723,0.006854163554900413,0.0026571540777858057,0.00432704348427668,0.0025230308090922107,0.0008470190167022967,0.0002399121044451229,3.380954557524221e-05,0.007337232127344772,0.00010498627168715742
176.9251,7.387873739634971e-05,0.0010672300246752325,0.003953824235961692,0.0013462157639853186,0.006811844058946061,0.002640748075748613,0.004300327124539943,0.0025074529211029832,0.0008417892877115194,0.00023843082095193773,3.36007961172333e-05,0.007291930032808771,0.00010433805749379305
176.8746,7.409969611548978e-05,0.0010704219278883985,0.003965649450761941,0.0013502420660226765,0.006832217124205307,0.0026486461034214283,0.004313188670457058,0.002514952285673584,0.0008443069360817223,0.0002391439269233949,3.3701290374902035e-05,0.007313738953438592,0.0001046501148509418
177.0054,7.352739115581596e-05,0.0010621545825362753,0.003935020973615941,0.0013398135451021507,0.0067794488680486716,0.0026281894297658943,0.004279875993111334,0.002495528188924379,0.0008377859775307794,0.00023729691185276868,3.344100029761342e-05,0.007257251689708269,0.00010384185539915831
177.0023,7.354095495837712e-05,0.001062350521149362,0.003935746877890813,0.0013400607042371188,0.006780699491856673,0.002628674259187397,0.004280665513751796,0.0024959885459574288,0.0008379405262426146,0.0002373406866747792,3.344716925204461e-05,0.0072585904551330785,0.00010386101139533985
177.0163,7.347969907584324e-05,0.0010614656370902665,0.003932468600520447,0.0013389445016921088,0.006775051513368961,0.0026264847069612705,0.004277099936665863,0.002493909514195282,0.000837242564318202,0.00023714299393021686,3.341930945783942e-05,0.0072525444177307516,0.00010377450044484317
177.1247,7.301811235648657e-05,0.001054797694144166,0.003907765515136091,0.0013305334846668646,0.006732491815372639,0.0026099855857812096,0.00425023193702846,0.002478243207371657,0.000831983151807945,0.00023565330279152986,3.3209375154762216e-05,0.007206985192164061,0.00010312260704005702
177.248,7.25681231820963e-05,0.0010482972858452035,0.0038836831043325658,0.0013223337976995988,0.0066910014462598635,0.002593901011406262,0.004224039006280358,0.002462970522570125,0.0008268558840724979,0.00023420104071924036,3.300471553229827e-05,0.007162570659771993,0.0001024870927093609
177.2921,7.24071781489201e-05,0.001045972322293018,0.003875069687329838,0.0013194010629448809,0.006676161825190319,0.0025881481344400352,0.004214670731779204,0.0024575080294659234,0.0008250220437875554,0.00023368161851820208,3.293151610528557e-05,0.007146685170084308,0.00010225979196334531
177.5623,7.142107048533327e-05,0.0010317273075129713,0.0038222954180750723,0.0013014322436540832,0.006585239702446829,0.0025529003485834987,0.004157271462613452,0.0024240394209227435,0.0008137861334702978,0.00023049912693723986,3.248302437787471e-05,0.007049355026918557,0.00010086712390045723
177.7207,7.136475025806892e-05,0.0010309137224457198,0.003819281285898746,0.0013004059784464395,0.006580046806371317,0.0025508872181888064,0.00415399317972042,0.0024221279058732432,0.0008131444094010534,0.0002303173631646567,3.245740936954785e-05,0.007043796145282014,0.00010078758351688453
177.9972,7.060110256896887e-05,0.0010198822975621418,0.003778412575261454,0.0012864908170153208,0.00650963616919141,0.002523591121414412,0.004109542841412508,0.0023962096146813573,0.0008044432530612886,0.00022785282259659917,3.211009468590363e-05,0.006968423098653461,9.97090930161216e-05
178.29,7.02787136781385e-05,0.0010152251645893613,0.0037611590452893387,0.0012806162579437272,0.006479910933919838,0.002512067537320985,0.004090777256878348,0.0023852676983122816,0.0008007698887843347,0.00022681236832497174,3.196346896146634e-05,0.006936602884636023,9.92537870402444e-05
178.6543,6.987525963499713e-05,0.0010093969888030443,0.00373956709028189,0.0012732645325073994,0.006442711245299198,0.0024976463313607,0.004067293039004967,0.0023715744212658924,0.0007961728517535273,0.00022551029032373985,3.17799739868089e-05,0.006896781431837535,9.868399371901383e-05
179.0592,6.826545511131563e-05,0.0009861422367312283,0.0036534139646979226,0.0012439307308874765,0.006294282377032614,0.0024401049013354843,0.003973589677220976,0.002316937468909024,0.0007778304131696814,0.0002203149252203226,3.10478186266187e-05,0.006737891575745266,9.641048603784511e-05
179.3064,6.765857867267295e-05,0.0009773754821897594,0.0036209352995785313,0.0012328722496886303,0.0062383265254740755,0.0024184124923414727,0.00393826466623252,0.0022963400121514817,0.0007709155401897438,0.00021835633669294057,3.077180509144163e-05,0.006677992060876713,9.555340169966778e-05
179.7101,6.884626825194095e-05,0.0009945324887069191,0.0036844977805954434,0.001254514287583158,0.006347835113323989,0.0024608656944612155,0.00400739759802396,0.002336650334307126,0.0007844483156565292,0.0002221893989704088,3.131197831055674e-05,0.0067952186082966505,9.723076149185834e-05
180.1774,6.369336814242509e-05,0.0009200952432309381,0.0034087261302328847,0.001160618322354945,0.005872722066805107,0.002276678585581345,0.0037074580363593516,0.002161760306579123,0.0007257351288086408,0.0002055593069210027,2.8968387284312883e-05,0.006286620486714529,8.995338227783562e-05
180.5681,6.248298675237449e-05,0.0009026104376387682,0.0033439492344250316,0.0011385627950795006,0.005761121225054901,0.0022334142792417512,0.0036370042616183373,0.0021206798217320577,0.000711943798256742,0.00020165301075697307,2.8417893600413066e-05,0.006167154227269509,8.82439751125914e-05
180.8962,6.789065985017006e-05,0.0009807280570917653,0.003633355763390408,0.001237101224772418,0.0062597251151879935,0.002426708085153312,0.003951773627238874,0.0023042168742495183,0.0007735599201017669,0.00021910533847110115,3.0877357955534194e-05,0.006700898782998419,9.588116717176848e-05
181.384,6.305515217261881e-05,0.0009108757672462533,0.0033745702437339023,0.001148988773317432,0.005813876615252166,0.0022538659651498913,0.0036703088166650786,0.0021400991824968322,0.0007184631668671811,0.0002034995754882743,2.8678120213759475e-05,0.006223627718271812,8.905203749450701e-05
181.8506,6.844545127923303e-05,0.0009887424072471018,0.0036630469556798075,0.0012472106147518606,0.00631087857060971,0.0024465387488919197,0.003984066878517147,0.002323046559737289,0.0007798813259400109,0.0002208958316569677,3.1129682702173066e-05,0.006755657437871278,9.66646924736708e-05
182.297,6.804827938838947e-05,0.0009830049815438,0.003641791207365711,0.0012399733624745648,0.006274258115518435,0.0024323420944355805,0.003960948331618647,0.0023095664996689515,0.0007753558690240571,0.00021961402821351106,3.094904491384521e-05,0.006716456041893268,9.610377136101786e-05
182.8438,6.40234909646529e-05,0.0009248640982510492,0.0034263935628578617,0.0011666338088534508,0.005903160394050074,0.0022884786140913325,0.00372667379690003,0.0021729647134773765,0.0007294966150653644,0.00020662472111584025,2.911853047888067e-05,0.006319204050088171,9.041961079255467e-05
183.2631,6.990370180903248e-05,0.001009807855896437,0.0037410892516098657,0.001273782804806004,0.006445333700163129,0.0024986629786262183,0.004068948598598912,0.0023725397519534603,0.0007964969276414751,0.0002256020825110985,3.179290977489317e-05,0.00689958871239424,9.872416226133512e-05
183.6243,6.005867792927521e-05,0.0008675896013835934,0.0032142056665456584,0.001094387124657361,0.005537592585615873,0.00214675891553035,0.003495890304373713,0.0020383984989270423,0.000684320732821269,0.00019382897418970566,2.731529345643452e-05,0.005927871709200456,8.482015274797503e-05
184.0933,5.901307384272588e-05,0.0008524851191683396,0.003158247282248425,0.0010753341636322079,0.00544118471190304,0.002109384468201389,0.0034350278725918176,0.0020029105748837588,0.0006724069082180876,0.00019045446821501402,2.683974215480621e-05,0.0058246691896415145,8.334345859830593e-05
184.5898,6.419146013796314e-05,0.0009272905304194125,0.0034353828960778598,0.0011696945372435521,0.0059186476621819195,0.0022944825644407333,0.00373645093193954,0.002178665606712902,0.0007314104898247523,0.00020716681251180068,2.9194924555786706e-05,0.006335782831786564,9.065683164769742e-05
185.0357,5.3581833238357314e-05,0.000774027050602271,0.002867579473218534,0.0009763662876603675,0.004940407826057092,0.0019152482568857,0.003118886691597259,0.001818573638458124,0.000610522253432864,0.00017292608045792874,2.4369559059608323e-05,0.005288598489543676,7.567298243138066e-05
185.4777,6.371509185580365e-05,0.0009204090574619619,0.0034098887346232444,0.001161014171098889,0.005874725059183308,0.002277455085780513,0.0037087225283793813,0.0021624976119323,0.0007259826531959794,0.00020562941644097443,2.897826744861816e-05,0.006288764646233112,8.99840624185006e-05
185.9069,6.0786775016839866e-05,0.0008781074729676575,0.003253171788767023,0.0011076544842730626,0.005604725349318306,0.0021727842788582235,0.00353827131635765,0.0020631101985770527,0.0006926168184113318,0.00019617878135261656,2.764643936735557e-05,0.00599973586398602,8.584843555925027e-05
186.4914,5.491400530404668e-05,0.0007932712076715763,0.0029388743326790585,0.0010006410803595253,0.005063238138146431,0.00196286589279848,0.0031964296473993357,0.0018637877129705782,0.000625701291594678,0.00017722543491992374,2.4975444373161522e-05,0.0054200856513038215,7.755439311163939e-05
187.0203,6.568486811776947e-05,0.0009488638530195041,0.003515306739836302,0.0011969073651197373,0.006056344415447346,0.00234786347467237,0.0038233790938152854,0.002229352046862445,0.0007484266826278251,0.0002119865279426574,2.9874141591943054e-05,0.006483184193571669,9.276595388164645e-05
187.6229,6.13956340792854e-05,0.0008869028678963964,0.0032857565594631858,0.0011187490927733698,0.005660864004815415,0.002194547555468235,0.0035737117317400854,0.0020837749458165545,0.0006995542818081827,0.00019814376845471194,2.792335461986736e-05,0.0060598310664713535,8.670831993331916e-05
188.1595,6.036393697145211e-05,0.0008719992817137676,0.0032305424454585193,0.0010999495442270532,0.00556573839679476,0.002157670204172288,0.003513658796166444,0.002048759026244844,0.0006877989161354074,0.00019481414484359444,2.7454128352652368e-05,0.005958001184281958,8.525126644341193e-05
188.6697,6.373989199680313e-05,0.0009207673128412982,0.0034112159825161388,0.0011614660783991375,0.005877011707535485,0.0022783415509114923,0.003710166092830954,0.00216333933159596,0.0007262652310223314,0.00020570945459791402,2.8989546803284597e-05,0.006291212453265895,9.001908736111129e-05
189.3571,5.765261330747878e-05,0.0008328323153743055,0.003085438487378642,0.0010505438994320507,0.005315746116969616,0.002060755679091043,0.0033558383040126678,0.0019567363864315453,0.000656905545508255,0.0001860638176202232,2.6220990959517938e-05,0.005690389918161848,8.142209645072189e-05
189.9038,5.646447009833309e-05,0.0008156687558563416,0.003021851729108655,0.0010288935955097874,0.005206195703066683,0.002018286262262321,0.0032866789673727374,0.0019164106680252065,0.0006433676012908238,0.00018222929133094372,2.5680611424951713e-05,0.005573118596867241,7.974409600247886e-05
190.5653,4.926807351952085e-05,0.0007117117748758029,0.002636716733470445,0.0008977611092260449,0.004542666073178559,0.0017610556829703516,0.0028677917408519746,0.001672164132974787,0.000561370402047036,0.00015900416858721507,2.2407617560341184e-05,0.0048628246450429366,6.958071115793297e-05
191.2235,4.7276950503673795e-05,0.0006829486105307816,0.0025301562978933987,0.0008614789354040038,0.004359078481347317,0.0016898842680547431,0.0027518926254216946,0.0016045851867405522,0.0005386831433806646,0.0001525781641370068,2.150203469769858e-05,0.0046662981445915455,6.676867192951311e-05
191.9041,4.591899628085129e-05,0.0006633320121723707,0.0024574816352402246,0.0008367343411410216,0.004233870976034547,0.0016413450654742397,0.0026728489440582975,0.0015584960628228948,0.0005232103381019014,0.00014819560223119493,2.0884423398620673e-05,0.004532266249494917,6.485084941699959e-05
192.46,4.6092324979823066e-05,0.000665835866436801,0.0024667577982464455,0.0008398927306199191,0.004249852408716612,0.001647540588630329,0.002682938045901643,0.0015643788589813634,0.0005251852803815,0.0001487549905673634,2.096325504194142e-05,0.004549374023532788,6.509563946615296e-05
193.0445,5.2729394445325174e-05,0.0007617129761312749,0.0028219588619527686,0.0009608331778448065,0.004861810379314342,0.0018847783790598735,0.0030692680084297348,0.001789641766894283,0.0006008093932826626,0.00017017498199040166,2.3981861284896372e-05,0.005204461642392449,7.44690933161652e-05
193.7611,5.559936727694753e-05,0.0008031717406398966,0.0029755533674644553,0.0010131297222133423,0.005126430594431734,0.0019873637168668513,0.0032363231375436238,0.001887048977869348,0.0006335104446382339,0.00017943732190672088,2.5287153922208093e-05,0.005487731793206995,7.852232163143731e-05
194.4817,5.204264354401002e-05,0.0007517923791207402,0.002785205494835499,0.0009483192269860948,0.004798489859609161,0.0018602309086363168,0.0030292936716610377,0.001766333361603942,0.0005929844145076208,0.00016795861247786387,2.3669520037175526e-05,0.005136678411400118,7.349920322937447e-05
195.1538,5.289746527361969e-05,0.0007641408767769728,0.0028309536355194034,0.0009638957585884689,0.004877307020344604,0.0018907859630014768,0.003079051060593733,0.0017953461103117723,0.0006027244263195174,0.0001707174014602059,2.4058301595516213e-05,0.005221050457573532,7.47064577374268e-05
195.7753,5.247733194019902e-05,0.0007580717569788374,0.002808469042325799,0.0009562401037091456,0.0048385694504823416,0.0018757685665097587,0.0030545959760416032,0.001781086736217617,0.0005979373420792075,0.00016936149394030132,2.3867220711139605e-05,0.005179582736552279,7.41131084539607e-05
196.417,5.471657652230059e-05,0.0007904192108584189,0.0029283083873251703,0.0009970435400168268,0.005045034604607586,0.001955808927643589,0.003184937730032736,0.0018570869572058556,0.0006234517480938438,0.00017658826774340962,2.4885651768727384e-05,0.005400599166914793,7.727556680373648e-05
197.0638,5.3029818493588705e-05,0.0007660528115932864,0.002838036882841479,0.0009663074943248366,0.004889510389363913,0.0018955168439459792,0.003086755065317033,0.0017998381939575477,0.0006042324856974995,0.00017114454853939248,2.4118497177037585e-05,0.0052341138971184345,7.489337860750786e-05
197.6513,6.140759379434356e-05,0.0008870756343437728,0.0032863966165745905,0.0011189670222820683,0.0056619667268818265,0.002194975047810949,0.0035744078817946056,0.0020841808599335924,0.0006996905532223248,0.00019818236636231243,2.792879401909712e-05,0.006061011506317646,8.672521049589946e-05
198.3369,5.223154144960832e-05,0.000754521141462349,0.002795314886841891,0.0009517613180025665,0.004815906820447216,0.0018669829430957782,0.003040289024530364,0.0017727445784421726,0.0005951367554788899,0.00016856824773010533,2.3755432712955693e-05,0.005155322886921908,7.376598148289327e-05
199.1706,7.222785887222369e-05,0.0010433819299441784,0.0038654729220471066,0.0013161335133686065,0.006659628043040447,0.002581738481926076,0.004204232930908389,0.0024514219124042546,0.0008229788436528078,0.00023310289663066016,3.2849959886696715e-05,0.0071289861180256755,0.0001020065414928978
199.7659,5.8816861264190196e-05,0.0008496506912610407,0.0031477464253611056,0.0010717587849017913,0.00542309331599547,0.0021023709754500715,0.0034236067478759717,0.0019962510971971415,0.0006701712223828049,0.00018982122612358013,2.6750502691878683e-05,0.005805302746133374,8.306634991965554e-05
